date,MT_000,MT_001,MT_002,MT_003,MT_004,MT_005,MT_006,MT_007,MT_008,MT_009
2012-01-01 00:00:00,14.0,69.0,234.0,415.0,215.0,1056.0,29.0,840.0,226.0,265.0
2012-01-01 01:00:00,18.0,92.0,312.0,556.0,292.0,1363.0,29.0,1102.0,271.0,340.0
2012-01-01 02:00:00,21.0,96.0,312.0,560.0,272.0,1240.0,29.0,1025.0,270.0,300.0
2012-01-01 03:00:00,20.0,92.0,312.0,443.0,213.0,845.0,24.0,833.0,179.0,211.0
2012-01-01 04:00:00,22.0,91.0,312.0,346.0,190.0,647.0,16.0,733.0,186.0,179.0
2012-01-01 05:00:00,20.0,92.0,187.0,340.0,178.0,641.0,18.0,726.0,184.0,177.0
2012-01-01 06:00:00,20.0,91.0,138.0,376.0,199.0,719.0,22.0,715.0,221.0,243.0
2012-01-01 07:00:00,20.0,92.0,8.0,361.0,187.0,662.0,23.0,625.0,214.0,227.0
2012-01-01 08:00:00,13.0,91.0,7.0,259.0,144.0,552.0,14.0,521.0,185.0,159.0
